timestamp,temperature,battery,voltage,fuel,temp_status,battery_status,voltage_status,fuel_status
2026-06-12T16:05:55Z,20.0,100.0,32.4,100.0,NOMINAL,NOMINAL,NOMINAL,NOMINAL
2026-06-12T16:06:05Z,20.84,99.75,32.45,99.88,NOMINAL,NOMINAL,NOMINAL,NOMINAL
2026-06-12T16:06:15Z,21.66,99.5,32.57,99.76,NOMINAL,NOMINAL,NOMINAL,NOMINAL
2026-06-12T16:06:25Z,22.43,99.25,32.34,99.64,NOMINAL,NOMINAL,NOMINAL,NOMINAL
2026-06-12T16:06:35Z,23.14,99.0,32.36,99.52,NOMINAL,NOMINAL,NOMINAL,NOMINAL
2026-06-12T16:06:45Z,23.75,98.75,32.32,99.4,NOMINAL,NOMINAL,NOMINAL,NOMINAL
2026-06-12T16:06:55Z,24.25,98.5,32.49,99.28,NOMINAL,NOMINAL,NOMINAL,NOMINAL
2026-06-12T16:07:05Z,24.64,98.25,32.39,99.16,NOMINAL,NOMINAL,NOMINAL,NOMINAL
2026-06-12T16:07:15Z,24.89,98.0,32.36,99.04,NOMINAL,NOMINAL,NOMINAL,NOMINAL
2026-06-12T16:07:25Z,24.99,97.75,32.37,98.92,NOMINAL,NOMINAL,NOMINAL,NOMINAL
2026-06-12T16:07:35Z,24.96,97.5,32.17,98.8,NOMINAL,NOMINAL,NOMINAL,NOMINAL
2026-06-12T16:07:45Z,24.79,97.25,32.38,98.68,NOMINAL,NOMINAL,NOMINAL,NOMINAL
2026-06-12T16:07:55Z,24.47,97.0,32.48,98.56,NOMINAL,NOMINAL,NOMINAL,NOMINAL
2026-06-12T16:08:05Z,24.03,96.75,32.52,98.44,NOMINAL,NOMINAL,NOMINAL,NOMINAL
2026-06-12T16:08:15Z,23.48,96.5,32.26,98.32,NOMINAL,NOMINAL,NOMINAL,NOMINAL
2026-06-12T16:08:25Z,22.82,96.25,32.3,98.2,NOMINAL,NOMINAL,NOMINAL,NOMINAL
2026-06-12T16:08:35Z,22.08,96.0,32.36,98.08,NOMINAL,NOMINAL,NOMINAL,NOMINAL
2026-06-12T16:08:45Z,21.29,95.75,32.29,97.96,NOMINAL,NOMINAL,NOMINAL,NOMINAL
2026-06-12T16:08:55Z,45.45,95.5,32.23,97.84,CRITICAL_HIGH,NOMINAL,NOMINAL,NOMINAL
2026-06-12T16:09:05Z,44.61,95.25,32.36,97.72,WARNING_HIGH,NOMINAL,NOMINAL,NOMINAL
2026-06-12T16:09:15Z,43.77,95.0,32.58,97.6,WARNING_HIGH,NOMINAL,NOMINAL,NOMINAL
2026-06-12T16:09:25Z,42.97,94.75,32.24,97.48,WARNING_HIGH,NOMINAL,NOMINAL,NOMINAL
2026-06-12T16:09:35Z,42.23,94.5,32.37,97.36,WARNING_HIGH,NOMINAL,NOMINAL,NOMINAL
2026-06-12T16:09:45Z,41.57,94.25,32.31,97.24,WARNING_HIGH,NOMINAL,NOMINAL,NOMINAL
2026-06-12T16:09:55Z,41.0,94.0,32.33,97.12,WARNING_HIGH,NOMINAL,NOMINAL,NOMINAL
2026-06-12T16:10:05Z,40.55,93.75,32.42,97.0,WARNING_HIGH,NOMINAL,NOMINAL,NOMINAL
2026-06-12T16:10:15Z,40.23,93.5,32.34,96.88,WARNING_HIGH,NOMINAL,NOMINAL,NOMINAL
2026-06-12T16:10:25Z,40.05,93.25,32.4,96.76,WARNING_HIGH,NOMINAL,NOMINAL,NOMINAL
2026-06-12T16:10:35Z,15.0,93.0,32.23,96.64,NOMINAL,NOMINAL,NOMINAL,NOMINAL
2026-06-12T16:10:45Z,15.1,92.75,32.49,96.52,NOMINAL,NOMINAL,NOMINAL,NOMINAL
2026-06-12T16:10:55Z,15.34,92.5,32.59,96.4,NOMINAL,NOMINAL,NOMINAL,NOMINAL
2026-06-12T16:11:05Z,15.72,92.25,32.33,96.28,NOMINAL,NOMINAL,NOMINAL,NOMINAL
2026-06-12T16:11:15Z,16.21,92.0,32.54,96.16,NOMINAL,NOMINAL,NOMINAL,NOMINAL
2026-06-12T16:11:25Z,16.82,91.75,32.37,96.04,NOMINAL,NOMINAL,NOMINAL,NOMINAL
2026-06-12T16:11:35Z,17.51,81.5,28.54,95.92,NOMINAL,WARNING_LOW,NOMINAL,NOMINAL
2026-06-12T16:11:45Z,18.28,81.25,28.48,95.8,NOMINAL,WARNING_LOW,NOMINAL,NOMINAL
2026-06-12T16:11:55Z,19.1,81.0,28.31,95.68,NOMINAL,WARNING_LOW,NOMINAL,NOMINAL
2026-06-12T16:12:05Z,19.94,80.75,28.53,95.56,NOMINAL,WARNING_LOW,NOMINAL,NOMINAL
2026-06-12T16:12:15Z,20.78,80.5,28.48,95.44,NOMINAL,WARNING_LOW,NOMINAL,NOMINAL
2026-06-12T16:12:25Z,21.61,80.25,28.3,95.32,NOMINAL,WARNING_LOW,NOMINAL,NOMINAL
2026-06-12T16:12:35Z,22.38,80.0,28.34,95.2,NOMINAL,WARNING_LOW,NOMINAL,NOMINAL
2026-06-12T16:12:45Z,23.09,79.75,28.43,95.08,NOMINAL,WARNING_LOW,NOMINAL,NOMINAL
2026-06-12T16:12:55Z,23.71,89.5,32.58,94.96,NOMINAL,NOMINAL,NOMINAL,NOMINAL
2026-06-12T16:13:05Z,24.22,89.25,32.41,94.84,NOMINAL,NOMINAL,NOMINAL,NOMINAL
2026-06-12T16:13:15Z,24.61,89.0,32.34,94.72,NOMINAL,NOMINAL,NOMINAL,NOMINAL
2026-06-12T16:13:25Z,24.87,88.75,32.3,94.6,NOMINAL,NOMINAL,NOMINAL,NOMINAL
2026-06-12T16:13:35Z,24.99,88.5,32.46,94.48,NOMINAL,NOMINAL,NOMINAL,NOMINAL
2026-06-12T16:13:45Z,24.97,88.25,32.42,94.36,NOMINAL,NOMINAL,NOMINAL,NOMINAL
2026-06-12T16:13:55Z,24.8,88.0,32.31,94.24,NOMINAL,NOMINAL,NOMINAL,NOMINAL
2026-06-12T16:14:05Z,24.5,87.75,32.37,94.12,NOMINAL,NOMINAL,NOMINAL,NOMINAL
2026-06-12T16:14:15Z,24.07,87.5,32.55,94.0,NOMINAL,NOMINAL,NOMINAL,NOMINAL
2026-06-12T16:14:25Z,23.52,87.25,32.37,93.88,NOMINAL,NOMINAL,NOMINAL,NOMINAL
2026-06-12T16:14:35Z,22.87,87.0,32.49,93.76,NOMINAL,NOMINAL,NOMINAL,NOMINAL
2026-06-12T16:14:45Z,22.14,86.75,32.36,93.64,NOMINAL,NOMINAL,NOMINAL,NOMINAL
2026-06-12T16:14:55Z,21.34,86.5,32.49,93.52,NOMINAL,NOMINAL,NOMINAL,NOMINAL
2026-06-12T16:15:05Z,20.51,86.25,32.26,93.4,NOMINAL,NOMINAL,NOMINAL,NOMINAL
2026-06-12T16:15:15Z,19.67,86.0,32.38,93.28,NOMINAL,NOMINAL,NOMINAL,NOMINAL
2026-06-12T16:15:25Z,18.83,85.75,32.43,93.16,NOMINAL,NOMINAL,NOMINAL,NOMINAL
2026-06-12T16:15:35Z,18.03,85.5,32.49,93.04,NOMINAL,NOMINAL,NOMINAL,NOMINAL
2026-06-12T16:15:45Z,17.28,85.25,32.27,92.92,NOMINAL,NOMINAL,NOMINAL,NOMINAL
